geo,year,fruit_pome_nes_gross_production_value_current_million_slc_vop
230,2003,0.0304
230,2004,0.2244
230,2005,0.328
230,2006,0.2528
230,2007,0.3834
230,2008,0.713
230,2009,0.5712
230,2010,0.3894
230,2011,0.30612
230,2012,0.436
230,2013,1.8886
230,2014,1.71975
