geo,year,gmsb_si_agr_ssfp_f_value
100,2007,993.95544
116,2009,1362.69165
120,2014,1922.16465
124,2001,-4078.78
124,2006,-4066.53
124,2011,-3692.48
124,2016,-2341.22
218,2006,1457.54853
218,2014,1553.08425
231,2014,438.76761
231,2016,485.25135
