geo,year,sdgb_si_agr_ssfp_value
100,2007,1472.05196
116,2009,1387.29779
120,2014,2145.09778
124,2001,-4794.24
124,2006,-4801.97
124,2011,-4347.48
124,2016,-2387.97
218,2006,2141.55033
218,2014,2159.83309
231,2014,576.44703
231,2016,687.77256
