geo,year,sdgb_si_agr_lsfp_f_value
100,2007,3525.64
116,2009,2537.37
120,2014,4765.9
124,2001,15843.21866
124,2006,20414.06271
124,2011,29957.15676
124,2016,42393.25291
218,2006,1702.54
218,2014,2790.27
231,2014,1103.06
231,2016,1526.71
231,2019,1337.79
