geo,year,sdgb_240232_value
199,2011,7.31707
199,2012,14.6341
199,2013,2.43902
199,2014,2.43902
199,2015,12.1951
199,2016,7.31707
199,2017,4.87805
199,2018,0
199,2019,2.43902
199,2020,19.5122
202,2011,9.09091
202,2012,11.3636
202,2013,2.27273
202,2014,2.27273
202,2015,11.3636
202,2016,9.09091
202,2017,4.54545
202,2018,0
202,2019,2.27273
202,2020,27.2727
